{
  "required": true,
  "minVersion": "0.8",
  "package": "com.convallyria.taleofkingdoms.mixin",
  "compatibilityLevel": "JAVA_8",
  "mixins": [
    "common.EntityDeathEvent",
    "common.EntityPickupItemEvent",
    "common.EntitySpawnEvent",
    "common.InventoryInsertEvent",
    "common.ItemMergeEvent",
    "common.PlayerDeathEvent",
    "common.PlayerLeave",
    "common.PlayerLogin",
    "packet.ClientUpdateStructureBlockUnlimit",
    "structure.StructureBlockAccessor",
    "structure.StructureBlockUnlimit"
  ],
  "client": [
    "WorldClose",
    "WorldDeleteEvent",
    "WorldSessionStartEvent",
    "client.InventoryDrawEvent",
    "client.RecipesUpdatedEvent"
  ],
  "server": [
    "server.GameInstanceEvent"
  ],
  "injectors": {
    "defaultRequire": 1
  }
}