{
  "DIAMOND_SHOVEL": 462,
  "DIAMOND_PICKAXE": 1380,
  "DIAMOND_AXE": 1380,
  "DIAMOND_SWORD": 855,
  "IRON_SWORD": 160,
  "IRON_SHOVEL": 87,
  "IRON_PICKAXE": 257,
  "IRON_AXE": 257,
  "IRON_HOE": 17,
  "WOODEN_SHOVEL": 6,
  "WOODEN_PICKAXE": 8,
  "WOODEN_AXE": 8,
  "WOODEN_SWORD": 5,
  "WOODEN_HOE": 6,
  "STONE_SHOVEL": 6,
  "STONE_PICKAXE": 14,
  "STONE_AXE": 14,
  "STONE_HOE": 10,
  "STONE_SWORD": 10,
  "BOW": 250,
  "CROSSBOW": 325,
  "ARROW": 4,
  "FLINT_AND_STEEL": 89,
  "COMPASS": 240,
  "FISHING_ROD": 24,
  "SHEARS": 160,
  "CLOCK": 15,
  "LEATHER_HELMET": 75,
  "LEATHER_CHESTPLATE": 120,
  "LEATHER_LEGGINGS": 90,
  "LEATHER_BOOTS": 60,
  "IRON_HELMET": 425,
  "IRON_CHESTPLATE": 595,
  "IRON_LEGGINGS": 560,
  "IRON_BOOTS": 320,
  "DIAMOND_HELMET": 2115,
  "DIAMOND_CHESTPLATE": 3384,
  "DIAMOND_LEGGINGS": 2961,
  "DIAMOND_BOOTS": 1410,
  "APPLE": 55,
  "BREAD": 15,
  "PORKCHOP": 10,
  "COOKED_PORKCHOP": 15,
  "GOLDEN_APPLE": 1950,
  "ENCHANTED_GOLDEN_APPLE": 1950,
  "FISH": 25,
  "COOKED_FISH": 15,
  "COOKIE": 100,
  "MELON": 40,
  "CAKE": 300,
  "BEEF": 15,
  "COOKED_BEEF": 20,
  "ROTTEN_FLESH": 1,
  "GUNPOWDER": 150,
  "COAL": 15,
  "CHARCOAL": 15,
  "FLINT": 11,
  "STRING": 75,
  "STICK": 1,
  "FEATHER": 5,
  "EGG": 20,
  "IRON_INGOT": 85,
  "WHEAT": 5,
  "EMERALD": 405,
  "SUGARCANE": 7,
  "GLOWSTONE_DUST": 15,
  "SUGAR": 5,
  "LEATHER": 15,
  "CHICKEN": 5,
  "COOKED_CHICKEN": 10,
  "SADDLE": 1900,
  "BOAT": 10,
  "MINECART": 400,
  "DETECTOR_RAIL": 85,
  "RAIL": 30,
  "POWERED_RAIL": 152,
  "BONE": 15,
  "PAPER": 35,
  "BOOK": 23,
  "MUSIC_DISC": 4000,
  "BUCKET": 255,
  "MILK_BUCKET": 270,
  "WATER_BUCKET": 325,
  "LAVA_BUCKET": 345,
  "SAPLINGS": 8,
  "FLOWERS": 10,
  "RED_MUSHROOM": 15,
  "BROWN_MUSHROOM": 15,
  "FURNACE": 10,
  "CRAFTING_TABLE": 5,
  "CHEST": 10,
  "TORCH": 5,
  "PAINTING": 25,
  "IRON_BARS": 32,
  "JUKEBOX": 245,
  "NOTE_BLOCK": 20,
  "IRON_DOOR": 500,
  "WOODEN_DOOR": 6,
  "DISPENSER": 270,
  "STICKY_PISTON": 185,
  "PISTON": 105,
  "TNT": 800,
  "LEVER": 1,
  "REDSTONE_TORCH": 10,
  "REDSTONE": 4,
  "REDSTONE_REPEATER": 25,
  "LADDER": 3,
  "CACTUS": 3,
  "STONE": 4,
  "GRAVEL": 5,
  "IRON_BLOCK": 765,
  "BRICKS": 800,
  "OBSIDIAN": 50,
  "GLOWSTONE": 60,
  "BOOKSHELF": 70,
  "JACK_O_LANTERN": 125,
  "PUMPKIN": 120,
  "STONE_BRICKS": 20,
  "SANDSTONE": 40,
  "SOUL_SAND": 15,
  "MOSSY_COBBLESTONE": 50,
  "CLAY_BLOCK": 20,
  "ENDER_PEARL": 150,
  "SAND": 10,
  "WHEAT_SEEDS": 2
}